shadowstorm;John;Smith;john.smith@example.com;P@ssw0rd;123456789;USER
pixelpirate;Emma;Johnson;emma.johnson@example.com;P@ssw0rd;987654321;USER
thunderwing;Michael;Brown;michael.brown@example.com;P@ssw0rd;456123789;USER
neonninja;Olivia;Davis;olivia.davis@example.com;P@ssw0rd;789456123;USER
silversphinx;David;Anderson;david.anderson@example.com;P@ssw0rd;159753486;USER
ryberraptor;Sophia;Wilson;sophia.wilson@example.com;P@ssw0rd;369852147;USER
lunarfox;James;Miller;james.miller@example.com;P@ssw0rd;258741369;USER
blazefury;Ava;Taylor;ava.taylor@example.com;P@ssw0rd;654123987;USER
mysticraven;Daniel;Clark;daniel.clark@example.com;P@ssw0rd;147852369;USER
quantumphoenix;Mia;Moore;mia.moore@example.com;P@ssw0rd;852369741;USER
