ShadowStorm;John;Smith;john.smith@example.com;P@ssw0rd;123456789;
PixelPirate;Emma;Johnson;emma.johnson@example.com;P@ssw0rd;987654321;
ThunderWing;Michael;Brown;michael.brown@example.com;P@ssw0rd;456123789;
NeonNinja;Olivia;Davis;olivia.davis@example.com;P@ssw0rd;789456123;
SilverSphinx;David;Anderson;david.anderson@example.com;P@ssw0rd;159753486;
CyberRaptor;Sophia;Wilson;sophia.wilson@example.com;P@ssw0rd;369852147;
LunarFox;James;Miller;james.miller@example.com;P@ssw0rd;258741369;
BlazeFury;Ava;Taylor;ava.taylor@example.com;P@ssw0rd;654123987;
MysticRaven;Daniel;Clark;daniel.clark@example.com;P@ssw0rd;147852369;
QuantumPhoenix;Mia;Moore;mia.moore@example.com;P@ssw0rd;852369741;







