shadowstorm;John;Smith;john.smith@example.com;P@ssw0rd;123456789;
pixelpirate;Emma;Johnson;emma.johnson@example.com;P@ssw0rd;987654321;
thunderwing;Michael;Brown;michael.brown@example.com;P@ssw0rd;456123789;
neonninja;Olivia;Davis;olivia.davis@example.com;P@ssw0rd;789456123;
silversphinx;David;Anderson;david.anderson@example.com;P@ssw0rd;159753486;
ryberraptor;Sophia;Wilson;sophia.wilson@example.com;P@ssw0rd;369852147;
lunarfox;James;Miller;james.miller@example.com;P@ssw0rd;258741369;
blazefury;Ava;Taylor;ava.taylor@example.com;P@ssw0rd;654123987;
mysticraven;Daniel;Clark;daniel.clark@example.com;P@ssw0rd;147852369;
quantumphoenix;Mia;Moore;mia.moore@example.com;P@ssw0rd;852369741;







